<!-- 마크업 언어 : 데이터를 저장/관리하는 표기법을 제공(태그 위주) -->

<!-- 1|홍길동|서울시|010-1111-1111
	1|홍길동|서울시|010-1111-1111
	1|홍길동|서울시|010-1111-1111
	1|홍길동|서울시|010-1111-1111

 -->
<address>
	<member seq = "1">
		<name>홍길동</name>
		<tel>010-1234-5678</tel>
		<gender>남자</gender>
	</member>
	<member seq = "2">
		<name>홍길동</name>
		<tel>010-1234-5678</tel>
		<gender>남자</gender>
	</member>
</address>